SoftwareUsed,ProblemStatement,ProbableSolutionPaths,Benefits,Cons,Risks,Dependencies,SystemsImpacted,Class
VMware vSphere,Server sprawl and underutilization,Implement virtualization and resource management,"Reduced hardware costs, Improved resource utilization","Initial cost, Learning curve","VM sprawl, Licensing issues","Network infrastructure, Storage","AWS, Front end, CCP, BAPI",Virtualization
Docker,Complex deployment processes,Adopt containerization and orchestration tools,"Streamlined deployments, Better resource management","Resource overhead, Complexity","Security vulnerabilities, Configuration errors","Container registry, Network setup","Kubernetes cluster, Docker registry, Monitoring system",Containerization
Kubernetes,Scalability issues,Utilize cloud scaling features,"Scalability, Flexibility in resource allocation","Management overhead, Potential downtime","Scaling issues, Resource contention","Load balancers, Monitoring tools","Web server, Database, Load balancer",Orchestration
AWS,High costs of cloud services,Optimize cloud usage and cost management,"Cost savings, Enhanced performance","Vendor lock-in, Complexity","Unexpected costs, Performance bottlenecks","Billing services, Resource management tools","Cloud services, Billing system, User management",Cloud Management
Azure,Lack of automation,Automate deployment and operations,"Increased efficiency, Reduced manual effort","Configuration complexity, Possible integration issues","Automation errors, Deployment failures","CI/CD pipeline, Configuration management","Deployment pipeline, Configuration management tools",Automation
Google Cloud,Inefficient resource allocation,Improve network architecture,"Improved network performance, Better reliability","Resource constraints, Increased costs","Data loss, Security vulnerabilities","Database setup, Networking","Database, Web servers, Load balancers",Monitoring
OpenStack,High latency,Enhance monitoring solutions,"Enhanced monitoring, Better visibility","Performance issues, Higher costs","Performance degradation, Higher costs","Logging infrastructure, Monitoring tools","Monitoring tools, Logging systems, Alerting systems",Backup
Ansible,Data consistency issues,Utilize data replication and backup solutions,"Increased data durability, Faster recovery","Data inconsistency, Security issues","Inconsistent data, Security issues","Backup solutions, Storage systems","Backup systems, Storage solutions, Recovery systems",High-Availability
Terraform,Manual configurations,Deploy high-availability configurations,"Higher availability, Better fault tolerance","Configuration errors, Downtime","Configuration errors, Downtime","High-availability configurations, Monitoring tools","High-availability setups, Monitoring systems, Backup systems",CI/CD
Jenkins,Poor monitoring capabilities,Standardize deployment processes,"Efficient deployments, Faster time-to-market","Vendor lock-in, Cost overruns","Vendor lock-in, Cost overruns","Automation tools, Deployment pipelines","CI/CD tools, Automation systems, Deployment environments",Security
Nginx,Single point of failure,Improve security practices,"Faster deployment cycles, Better integration","Integration failures, Security risks","Integration failures, Security risks","Security tools, Compliance systems","Security systems, Compliance tools, Monitoring systems",Disaster Recovery
Apache,Inconsistent environments,Enhance disaster recovery plans,"Modernized systems, Better performance","Compliance issues, Data loss","Compliance issues, Data loss","Disaster recovery solutions, Backup systems","Disaster recovery solutions, Backup systems, Monitoring tools",Integration
Puppet,Difficulty in scaling,Implement CI/CD pipelines,"Enhanced logging, Improved diagnostics","Increased downtime, Performance issues","Increased downtime, Performance issues","Integration tools, Deployment scripts","Integration tools, Deployment scripts, Monitoring systems",Legacy Systems
Chef,Security vulnerabilities,Upgrade legacy systems,"Automated compliance, Reduced manual errors","Security vulnerabilities, Integration issues","Security vulnerabilities, Integration issues","Legacy systems, Performance monitoring tools","Legacy systems, Performance monitoring tools, Integration systems",Logging
SaltStack,Compliance issues,Improve logging mechanisms,"Streamlined processes, Better coordination","Data integrity issues, Compliance challenges","Data integrity issues, Compliance challenges","Logging systems, Backup solutions","Logging systems, Backup solutions, Monitoring tools",Compliance
Prometheus,Resource contention,Automate security compliance checks,"Improved performance, Faster response times","Resource constraints, Security vulnerabilities","Resource constraints, Security vulnerabilities","Compliance tools, Security monitoring","Compliance systems, Security tools, Monitoring systems",Resource Management
Grafana,High operational overhead,Standardize tools and processes,"Optimized cloud costs, Better resource usage","Complex configuration, Downtime","Complex configuration, Downtime","Process management tools, Coordination systems","Process management systems, Coordination tools, Monitoring systems",API Management
RabbitMQ,Legacy systems integration,Implement service-level agreements,"Enhanced support for legacy systems, Improved performance","Integration failures, Security risks","Integration failures, Security risks","Performance monitoring, Cost management","Performance metrics tools, Resource management systems",Service Discovery
Redis,Slow deployments,Improve performance tuning,"Improved latency, Better scalability","Increased costs, Performance issues","Increased costs, Performance issues","Legacy applications, Cloud integration tools","Legacy systems, Cloud integration tools, Performance monitoring tools",Performance Monitoring
Elasticsearch,Inadequate logging,Utilize managed services,"Efficient data handling, Better performance","Scalability challenges, Security vulnerabilities","Scalability challenges, Security vulnerabilities","Latency management, Performance tuning tools","Latency management systems, Performance tuning tools",Tool Integration
Splunk,Complex network setup,Enhance support for legacy applications,"Improved reliability, Better scalability","High operational costs, Performance risks","High operational costs, Performance risks","Data handling tools, Compression solutions","Data handling systems, Compression tools, Storage solutions",Latency Management
Istio,Limited visibility,Deploy edge computing solutions,"Enhanced multi-cloud management, Better resource optimization","Service outages, Security issues","Service outages, Security issues","Cloud management tools, Scalability solutions","Cloud management tools, Scalability solutions, Monitoring systems",Data Handling
Consul,High maintenance costs,Implement data compression techniques,"Improved backup strategies, Better data integrity","Compliance failures, Data loss","Compliance failures, Data loss","Backup systems, Recovery tools","Backup systems, Recovery solutions, Storage systems",Scalability
Vault,Difficulty in troubleshooting,Use orchestration platforms for scaling,"Optimized resource allocation, Reduced costs","Integration challenges, Security risks","Integration challenges, Security risks","Resource management, Cost optimization tools","Resource management systems, Cost optimization tools, Monitoring tools",Resource Optimization
K3s,Service outages,Adopt hybrid cloud strategies,"Better tool integration, Streamlined operations","Data corruption, Increased costs","Data corruption, Increased costs","Tool integration systems, Operations management","Tool integration systems, Operations management tools, Monitoring tools",User Management
Mesos,Data backup challenges,Enhance backup and recovery strategies,"Enhanced security, Better risk management","Complex configuration, Performance issues","Complex configuration, Performance issues","Security management tools, Compliance systems","Security management systems, Compliance systems, Monitoring tools",Service Management
Cassandra,Disjointed toolsets,Optimize resource utilization,"Faster troubleshooting, Better system performance","Deployment failures, Security risks","Deployment failures, Security risks","User management tools, Performance monitoring","User management systems, Performance monitoring tools, Security systems",Change Management
MongoDB,Limited support for legacy applications,Improve integration between tools,"Improved performance metrics, Better reliability","Vendor dependency, Data loss","Vendor dependency, Data loss","Service management systems, Monitoring tools","Service management systems, Monitoring tools, Performance metrics systems",Configuration Management
MySQL,Inability to handle peak loads,Leverage serverless architectures,"Enhanced compliance, Better security","Operational risks, Security vulnerabilities","Operational risks, Security vulnerabilities","Automation tools, Configuration management systems","Automation tools, Configuration management systems, Deployment environments",Deployment
PostgreSQL,Incompatibility with existing systems,Standardize data formats,"Increased operational efficiency, Improved performance","Configuration errors, Compliance issues","Configuration errors, Compliance issues","Performance metrics tools, Compliance tools","Performance metrics tools, Compliance tools, Security systems",Monitoring
MariaDB,High cost of upgrades,Enhance multi-cloud management,"Better automation, Reduced manual effort","Performance issues, Data loss","Performance issues, Data loss","API management tools, Security systems","API management systems, Security tools, Monitoring tools",Performance Tuning
SQL Server,Lack of integration with third-party tools,Improve troubleshooting and diagnostics,"Improved user experience, Enhanced performance","Resource contention, Security risks","Resource contention, Security risks","Service discovery tools, Monitoring systems","Service discovery systems, Monitoring tools, Performance metrics systems",Security Management
Hadoop,Complex user management,Adopt Infrastructure as Code (IaC),"Enhanced cloud-native support, Better scalability","Scalability challenges, Increased costs","Scalability challenges, Increased costs","Change management systems, Configuration management tools","Change management systems, Configuration management tools, Deployment scripts",Backup and Recovery
Spark,Poor disaster recovery options,Implement centralized logging,"Improved service availability, Better fault tolerance","Data integrity risks, Security issues","Data integrity risks, Security issues","Service discovery systems, Performance monitoring tools","Service discovery tools, Performance monitoring systems, Monitoring tools",Cloud Integration
Kafka,Scaling bottlenecks,Upgrade network infrastructure,"Enhanced API management, Better performance","Integration failures, Performance issues","Integration failures, Performance issues","Monitoring systems, Data management tools","Data management systems, Backup solutions, Monitoring tools",Tool Coordination
Zookeeper,Lack of documentation,Utilize machine learning for anomaly detection,"Improved change management, Reduced errors","Operational risks, Security vulnerabilities","Operational risks, Security vulnerabilities","Configuration management tools, Cloud services","Configuration management systems, API management tools",Operational Management
MinIO,Slow system performance,Enhance user access management,"Better service discovery, Enhanced performance","Security risks, Compliance issues","Security risks, Compliance issues","Service monitoring tools, Data handling","Service discovery tools, Performance monitoring systems",Compliance Tracking
Solr,Frequent downtime,Improve service availability,"Reduced hardware costs, Improved resource utilization","Performance bottlenecks, Data loss","Performance bottlenecks, Data loss","Backup tools, Disaster recovery systems","Backup and recovery systems, Disaster recovery tools",Resource Allocation
Couchbase,Difficulties in automating workflows,Implement better automation tools,"Streamlined deployments, Better resource management","Complex deployments, Security vulnerabilities","Complex deployments, Security vulnerabilities","Security management tools, Compliance systems","Monitoring systems, Security management tools",Service Optimization
Jira,Inadequate security controls,Optimize deployment times,"Scalability, Flexibility in resource allocation","Operational challenges, Security risks","Operational challenges, Security risks","Performance monitoring tools, Cost management","Performance monitoring systems, Configuration management tools",Configuration Monitoring
Confluence,Poor user experience,Improve system performance metrics,"Cost savings, Enhanced performance","Performance issues, Data inconsistencies","Performance issues, Data inconsistencies","Network infrastructure, Storage","Compliance systems, Security tools, Monitoring systems",Infrastructure Management
GitLab,Limited multi-cloud support,Adopt container security practices,"Increased efficiency, Reduced manual effort","Initial cost, Learning curve","Integration failures, Security risks","Container registry, Network setup","Process management systems, Coordination tools, Monitoring systems",Performance Metrics
Bitbucket,High latency in data processing,Enhance compliance tracking,"Improved network performance, Better reliability","Resource overhead, Complexity","Compliance issues, Data loss","Load balancers, Monitoring tools","Performance metrics tools, Resource management systems",Operational Efficiency
SonarQube,Lack of standardized processes,Improve data consistency across systems,"Enhanced monitoring, Better visibility","Management overhead, Potential downtime","Increased downtime, Performance issues","Billing services, Resource management tools","Legacy systems, Cloud integration tools, Performance monitoring tools",Automation Tools
Artifactory,Inconsistent data formats,Deploy advanced monitoring solutions,"Increased data durability, Faster recovery","Vendor lock-in, Complexity","Security vulnerabilities, Integration issues","CI/CD pipeline, Configuration management","Latency management systems, Performance tuning tools",Integration Systems
Nexus,Manual intervention required,Leverage cloud-native services,"Higher availability, Better fault tolerance","Configuration complexity, Possible integration issues","Data integrity issues, Compliance challenges","Database setup, Networking","Data handling systems, Compression tools, Storage solutions",Legacy System Management
Jenkins X,High cost of licensing,Implement performance benchmarks,"Efficient deployments, Faster time-to-market","Resource constraints, Increased costs","Resource constraints, Security vulnerabilities","Logging infrastructure, Monitoring tools","Cloud management tools, Scalability solutions, Monitoring systems",Data Compression
GitHub,Complex dependencies,Improve API management,"Enhanced security, Better compliance","Performance issues, Higher costs","Complex configuration, Downtime","Backup solutions, Storage systems","Backup systems, Recovery solutions, Storage systems",Scalability Solutions
Git,Data fragmentation,Enhance service discovery,"Improved disaster recovery, Reduced downtime","Data inconsistency, Security issues","Integration failures, Security risks","High-availability configurations, Monitoring tools","Resource management systems, Cost optimization tools, Monitoring tools",Performance Benchmarking
Docker Compose,Inability to meet compliance standards,Implement better change management processes,"Faster deployment cycles, Better integration","Configuration errors, Downtime","Increased costs, Performance issues","Automation tools, Deployment pipelines","Tool integration systems, Operations management tools, Monitoring tools",API Security
Vagrant,Server sprawl and underutilization,Standardize environments,"Modernized systems, Better performance","Vendor lock-in, Cost overruns","Scalability challenges, Security vulnerabilities","Security tools, Compliance systems","Security management systems, Compliance systems, Monitoring tools",Service Availability
Harbor,Complex deployment processes,Implement virtualization and resource management,"Enhanced logging, Improved diagnostics","Integration failures, Security risks","High operational costs, Performance risks","Disaster recovery solutions, Backup systems","User management systems, Performance monitoring tools, Security systems",Deployment Efficiency
Portainer,Scalability issues,Adopt containerization and orchestration tools,"Automated compliance, Reduced manual errors","Compliance issues, Data loss","Service outages, Security issues","Integration tools, Deployment scripts","Service management systems, Monitoring tools, Performance metrics systems",Monitoring and Diagnostics
Rancher,High costs of cloud services,Utilize cloud scaling features,"Streamlined processes, Better coordination","Increased downtime, Performance issues","Compliance failures, Data loss","Legacy systems, Performance monitoring tools","Automation tools, Configuration management systems, Deployment environments",Resource Utilization
ArgoCD,Lack of automation,Optimize cloud usage and cost management,"Improved performance, Faster response times","Security vulnerabilities, Integration issues","Integration challenges, Security risks","Logging systems, Backup solutions","Performance metrics tools, Compliance tools, Security systems",Cost Management
Kubeflow,Inefficient resource allocation,Automate deployment and operations,"Optimized cloud costs, Better resource usage","Data integrity issues, Compliance challenges","Data corruption, Increased costs","Compliance tools, Security monitoring","API management systems, Security tools, Monitoring tools",Compliance and Security
Skaffold,High latency,Improve network architecture,"Enhanced support for legacy systems, Improved performance","Resource constraints, Security vulnerabilities","Complex configuration, Performance issues","Process management tools, Coordination systems","Service discovery systems, Monitoring tools, Performance metrics systems",Configuration Tools
Pulumi,Data consistency issues,Enhance monitoring solutions,"Improved latency, Better scalability","Complex configuration, Downtime","Deployment failures, Security risks","Performance monitoring, Cost management","Change management systems, Configuration management tools, Deployment scripts",Integration and Automation
CloudFormation,Manual configurations,Utilize data replication and backup solutions,"Efficient data handling, Better performance","Integration failures, Security risks","Vendor dependency, Data loss","Legacy applications, Cloud integration tools","Service discovery tools, Performance monitoring systems, Monitoring tools",Disaster Preparedness
Chef Habitat,Poor monitoring capabilities,Deploy high-availability configurations,"Improved reliability, Better scalability","Increased costs, Performance issues","Operational risks, Security vulnerabilities","Latency management, Performance tuning tools","Data management systems, Backup solutions, Monitoring tools",User Experience Management
CloudBolt,Single point of failure,Standardize deployment processes,"Enhanced multi-cloud management, Better resource optimization","Scalability challenges, Security vulnerabilities","Configuration errors, Compliance issues","Data handling tools, Compression solutions","Configuration management systems, API management tools",Operational Tools
CloudCheckr,Inconsistent environments,Improve security practices,"Improved backup strategies, Better data integrity","High operational costs, Performance risks","Performance issues, Data loss","Cloud management tools, Scalability solutions","Service discovery tools, Performance monitoring systems",Performance Improvement
Turbonomic,Difficulty in scaling,Enhance disaster recovery plans,"Optimized resource allocation, Reduced costs","Service outages, Security issues","Resource contention, Security risks","Backup systems, Recovery tools","Backup and recovery systems, Disaster recovery tools",Data Integrity
CloudHealth,Security vulnerabilities,Implement CI/CD pipelines,"Better tool integration, Streamlined operations","Compliance failures, Data loss","Scalability challenges, Increased costs","Resource management, Cost optimization tools","Monitoring systems, Security management tools",Compliance Management
ServiceNow,Compliance issues,Upgrade legacy systems,"Enhanced security, Better risk management","Integration challenges, Security risks","Data integrity risks, Security issues","Tool integration systems, Operations management","Performance monitoring systems, Configuration management tools",Service Discovery and Monitoring
New Relic,Resource contention,Improve logging mechanisms,"Faster troubleshooting, Better system performance","Data corruption, Increased costs","Integration failures, Performance issues","Security management tools, Compliance systems","Security management systems, Compliance systems, Monitoring tools",Change and Configuration Management
Sentry,High operational overhead,Automate security compliance checks,"Improved performance metrics, Better reliability","Complex configuration, Performance issues","Operational risks, Security vulnerabilities","User management tools, Performance monitoring","User management systems, Performance monitoring tools, Security systems",API and Service Monitoring
PagerDuty,Legacy systems integration,Standardize tools and processes,"Enhanced compliance, Better security","Deployment failures, Security risks","Security risks, Compliance issues","Service management systems, Monitoring tools","Service management systems, Monitoring tools, Performance metrics systems",Legacy and Cloud Systems
Splunk On-Call,Slow deployments,Implement service-level agreements,"Increased operational efficiency, Improved performance","Vendor dependency, Data loss","Performance bottlenecks, Data loss","Automation tools, Configuration management systems","Automation tools, Configuration management systems, Deployment environments",Resource Optimization and Management
Dynatrace,Inadequate logging,Improve performance tuning,"Better automation, Reduced manual effort","Operational risks, Security vulnerabilities","Complex deployments, Security vulnerabilities","Performance metrics tools, Compliance tools","Performance metrics tools, Compliance tools, Security systems",Virtualization
Instana,Complex network setup,Utilize managed services,"Improved user experience, Enhanced performance","Configuration errors, Compliance issues","Operational challenges, Security risks","API management tools, Security systems","API management systems, Security tools, Monitoring tools",Containerization
Lightstep,Limited visibility,Enhance support for legacy applications,"Enhanced cloud-native support, Better scalability","Performance issues, Data loss","Performance issues, Data inconsistencies","Service discovery tools, Monitoring systems","Service discovery systems, Monitoring tools, Performance metrics systems",Orchestration
Honeycomb,High maintenance costs,Deploy edge computing solutions,"Improved service availability, Better fault tolerance","Resource contention, Security risks","Operational risks, Security vulnerabilities","Change management systems, Configuration management tools","Change management systems, Configuration management tools, Deployment scripts",Cloud Management
DataDog,Difficulty in troubleshooting,Implement data compression techniques,"Enhanced API management, Better performance","Scalability challenges, Increased costs","Security risks, Compliance issues","Service discovery systems, Performance monitoring tools","Service discovery tools, Performance monitoring systems, Monitoring tools",Automation
AppDynamics,Service outages,Use orchestration platforms for scaling,"Improved change management, Reduced errors","Data integrity risks, Security issues","Performance bottlenecks, Data loss","Monitoring systems, Data management tools","Data management systems, Backup solutions, Monitoring tools",Monitoring
Sumo Logic,Data backup challenges,Adopt hybrid cloud strategies,"Better service discovery, Enhanced performance","Integration failures, Performance issues","Complex deployments, Security vulnerabilities","Configuration management tools, Cloud services","Configuration management systems, API management tools",Backup
Loggly,Disjointed toolsets,Enhance backup and recovery strategies,"Optimized resource allocation, Reduced costs","Operational risks, Security vulnerabilities","Operational challenges, Security risks","Service monitoring tools, Data handling","Service discovery tools, Performance monitoring systems",High-Availability
Logz.io,Limited support for legacy applications,Optimize resource utilization,"Better tool integration, Streamlined operations","Security risks, Compliance issues","Performance issues, Data inconsistencies","Backup tools, Disaster recovery systems","Backup and recovery systems, Disaster recovery tools",CI/CD
Stackdriver,Inability to handle peak loads,Improve integration between tools,"Enhanced security, Better risk management","Performance bottlenecks, Data loss","Performance issues, Data loss","Security management tools, Compliance systems","Monitoring systems, Security management tools",Security
OpenTelemetry,Incompatibility with existing systems,Leverage serverless architectures,"Faster troubleshooting, Better system performance","Complex deployments, Security vulnerabilities","Resource contention, Security risks","Performance monitoring tools, Cost management","Performance monitoring systems, Configuration management toolsAPI management systems, Security tools, Monitoring tools",Disaster Recovery
Zipkin,High cost of upgrades,Standardize data formats,"Improved performance metrics, Better reliability","Operational challenges, Security risks","Scalability challenges, Increased costs","Security tools, Compliance systems","Service discovery systems, Monitoring tools, Performance metrics systems",Integration
Jaeger,Lack of integration with third-party tools,Enhance multi-cloud management,"Enhanced compliance, Better security","Performance issues, Data inconsistencies","Data integrity risks, Security issues","Disaster recovery solutions, Backup systems","Change management systems, Configuration management tools, Deployment scripts",Legacy Systems
OpenTracing,Complex user management,Improve troubleshooting and diagnostics,"Increased operational efficiency, Improved performance","Performance issues, Data loss","Integration failures, Performance issues","Integration tools, Deployment scripts","Service discovery tools, Performance monitoring systems, Monitoring tools",Logging
OpenSearch,Poor disaster recovery options,Adopt Infrastructure as Code (IaC),"Better automation, Reduced manual effort","Resource contention, Security risks","Operational risks, Security vulnerabilities","Legacy systems, Performance monitoring tools","Data management systems, Backup solutions, Monitoring tools",Compliance
Prometheus Alertmanager,Scaling bottlenecks,Implement centralized logging,"Improved user experience, Enhanced performance","Scalability challenges, Increased costs","Security risks, Compliance issues","Logging systems, Backup solutions","Configuration management systems, API management tools",Resource Management
Grafana Loki,Lack of documentation,Upgrade network infrastructure,"Enhanced cloud-native support, Better scalability","Data integrity risks, Security issues","Performance bottlenecks, Data loss","Compliance tools, Security monitoring","Service discovery tools, Performance monitoring systems",API Management
Fluentd,Slow system performance,Utilize machine learning for anomaly detection,"Improved service availability, Better fault tolerance","Integration failures, Performance issues","Complex deployments, Security vulnerabilities","Process management tools, Coordination systems","Backup and recovery systems, Disaster recovery tools",Service Discovery
Logstash,Frequent downtime,Enhance user access management,"Enhanced API management, Better performance","Operational risks, Security vulnerabilities","Operational challenges, Security risks","Performance monitoring, Cost management","Monitoring systems, Security management tools",Performance Monitoring
Elastic Beats,Difficulties in automating workflows,Improve service availability,"Improved change management, Reduced errors","Security risks, Compliance issues","Performance issues, Data inconsistencies","Legacy applications, Cloud integration tools","Performance monitoring systems, Configuration management tools",Tool Integration
Heka,Inadequate security controls,Implement better automation tools,"Better service discovery, Enhanced performance","Performance bottlenecks, Data loss","Operational risks, Security vulnerabilities","Latency management, Performance tuning tools","API management systems, Security tools, Monitoring tools",Latency Management
Confluence,Poor user experience,Optimize deployment times,"Optimized resource allocation, Reduced costs","Complex deployments, Security vulnerabilities","Security risks, Compliance issues","Data handling tools, Compression solutions","Service discovery systems, Monitoring tools, Performance metrics systems",Data Handling
GitLab,Limited multi-cloud support,Improve system performance metrics,"Better tool integration, Streamlined operations","Operational challenges, Security risks","Performance bottlenecks, Data loss","Cloud management tools, Scalability solutions","Change management systems, Configuration management tools, Deployment scripts",Scalability
Bitbucket,High latency in data processing,Adopt container security practices,"Enhanced security, Better risk management","Performance issues, Data inconsistencies","Complex deployments, Security vulnerabilities","Backup systems, Recovery tools","Service discovery tools, Performance monitoring systems, Monitoring tools",Resource Optimization
SonarQube,Lack of standardized processes,Enhance compliance tracking,"Faster troubleshooting, Better system performance","Operational risks, Security vulnerabilities","Operational challenges, Security risks","Resource management, Cost optimization tools","Data management systems, Backup solutions, Monitoring tools",User Management
Artifactory,Inconsistent data formats,Improve data consistency across systems,"Improved performance metrics, Better reliability","Security risks, Compliance issues","Performance issues, Data inconsistencies","Tool integration systems, Operations management","Configuration management systems, API management tools",Service Management
Nexus,Manual intervention required,Deploy advanced monitoring solutions,"Enhanced compliance, Better security","Performance bottlenecks, Data loss","Performance issues, Data inconsistencies","Security management tools, Compliance systems","Service discovery tools, Performance monitoring systems",Change Management
Jenkins X,High cost of licensing,Leverage cloud-native services,"Increased operational efficiency, Improved performance","Complex deployments, Security vulnerabilities","Operational risks, Security vulnerabilities","User management tools, Performance monitoring","Backup and recovery systems, Disaster recovery tools",Configuration Management
GitHub,Complex dependencies,Implement performance benchmarks,"Better automation, Reduced manual effort","Operational challenges, Security risks","Security risks, Compliance issues","Service management systems, Monitoring tools","Monitoring systems, Security management tools",Deployment
Git,Data fragmentation,Improve API management,"Improved user experience, Enhanced performance","Performance issues, Data inconsistencies","Performance bottlenecks, Data loss","Automation tools, Configuration management systems","Performance monitoring systems, Configuration management tools",Monitoring
Docker Compose,Inability to meet compliance standards,Enhance service discovery,"Enhanced cloud-native support, Better scalability","High operational costs, Performance risks","Complex deployments, Security vulnerabilities","User management tools, Performance monitoring","Configuration management systems, API management tools",Performance Tuning
